"SUID","interaction","is_directed","is_inhibition","is_stimulation","name","references","selected","shared interaction","shared name","sources","TF"
"155","interacts with",,,,"GTF2I (interacts with) CCNA2","","false","interacts with","GTF2I (interacts with) CCNA2","","V.TFIII_Q6"
"156","interacts with",,,,"GTF2I (interacts with) CBL","","false","interacts with","GTF2I (interacts with) CBL","","V.TFIII_Q6"
"157","interacts with",,,,"GTF2I (interacts with) CAV1","","false","interacts with","GTF2I (interacts with) CAV1","","V.TFIII_Q6"
"158","interacts with",,,,"GTF2I (interacts with) HMGB2","","false","interacts with","GTF2I (interacts with) HMGB2","","V.TFIII_Q6"
"159","interacts with",,,,"GTF2I (interacts with) EGFR","","false","interacts with","GTF2I (interacts with) EGFR","","V.TFIII_Q6"
"160","interacts with",,,,"GTF2I (interacts with) NMT2","","false","interacts with","GTF2I (interacts with) NMT2","","V.TFIII_Q6"
"161","interacts with",,,,"GTF2I (interacts with) PRPF40A","","false","interacts with","GTF2I (interacts with) PRPF40A","","V.TFIII_Q6"
"162","interacts with",,,,"GTF2I (interacts with) TOP2A","","false","interacts with","GTF2I (interacts with) TOP2A","","V.TFIII_Q6"
"163","interacts with",,,,"GTF2I (interacts with) CSNK2A1","","false","interacts with","GTF2I (interacts with) CSNK2A1","","V.TFIII_Q6"
"164","interacts with",,,,"GTF2I (interacts with) ICAM1","","false","interacts with","GTF2I (interacts with) ICAM1","","V.TFIII_Q6"
"165","interacts with",,,,"GTF2I (interacts with) COL13A1","","false","interacts with","GTF2I (interacts with) COL13A1","","V.TFIII_Q6"
"166","interacts with",,,,"GTF2I (interacts with) JAK2","","false","interacts with","GTF2I (interacts with) JAK2","","V.TFIII_Q6"
"167","interacts with",,,,"GTF2I (interacts with) HTT","","false","interacts with","GTF2I (interacts with) HTT","","V.TFIII_Q6"
"168","interacts with",,,,"GTF2I (interacts with) PIAS1","","false","interacts with","GTF2I (interacts with) PIAS1","","V.TFIII_Q6"
"169","interacts with",,,,"GTF2I (interacts with) LRP1","","false","interacts with","GTF2I (interacts with) LRP1","","V.TFIII_Q6"
"170","interacts with",,,,"GTF2I (interacts with) SRPK1","","false","interacts with","GTF2I (interacts with) SRPK1","","V.TFIII_Q6"
"171","interacts with",,,,"GTF2I (interacts with) ITGA5","","false","interacts with","GTF2I (interacts with) ITGA5","","V.TFIII_Q6"
"172","interacts with",,,,"GTF2I (interacts with) RRM2B","","false","interacts with","GTF2I (interacts with) RRM2B","","V.TFIII_Q6"
"173","interacts with",,,,"GTF2I (interacts with) SKIL","","false","interacts with","GTF2I (interacts with) SKIL","","V.TFIII_Q6"
"174","interacts with",,,,"GTF2I (interacts with) CDK2","","false","interacts with","GTF2I (interacts with) CDK2","","V.TFIII_Q6"
"175","interacts with",,,,"GTF2I (interacts with) BUB1","","false","interacts with","GTF2I (interacts with) BUB1","","V.TFIII_Q6"
"176","interacts with",,,,"GTF2I (interacts with) THBS1","","false","interacts with","GTF2I (interacts with) THBS1","","V.TFIII_Q6"
"177","interacts with",,,,"GTF2I (interacts with) ARIH2","","false","interacts with","GTF2I (interacts with) ARIH2","","V.TFIII_Q6"
"178","interacts with",,,,"GTF2I (interacts with) TBP","","false","interacts with","GTF2I (interacts with) TBP","","V.TFIII_Q6"
"179","interacts with",,,,"GTF2I (interacts with) BRCA1","","false","interacts with","GTF2I (interacts with) BRCA1","","V.TFIII_Q6"
"180","interacts with",,,,"GTF2I (interacts with) PRKCA","","false","interacts with","GTF2I (interacts with) PRKCA","","V.TFIII_Q6"
"181","interacts with",,,,"GTF2I (interacts with) CREBBP","","false","interacts with","GTF2I (interacts with) CREBBP","","V.TFIII_Q6"
"182","interacts with",,,,"GTF2I (interacts with) FN1","","false","interacts with","GTF2I (interacts with) FN1","","V.TFIII_Q6"
"183","interacts with",,,,"GTF2I (interacts with) PPM1D","","false","interacts with","GTF2I (interacts with) PPM1D","","V.TFIII_Q6"
"184","interacts with",,,,"GTF2I (interacts with) SOCS5","","false","interacts with","GTF2I (interacts with) SOCS5","","V.TFIII_Q6"
"185","interacts with",,,,"GTF2I (interacts with) SNRPA","","false","interacts with","GTF2I (interacts with) SNRPA","","V.TFIII_Q6"
"186","interacts with",,,,"GTF2I (interacts with) MOCOS","","false","interacts with","GTF2I (interacts with) MOCOS","","V.TFIII_Q6"
"187","interacts with",,,,"GTF2I (interacts with) ANAPC10","","false","interacts with","GTF2I (interacts with) ANAPC10","","V.TFIII_Q6"
"188","interacts with",,,,"GTF2I (interacts with) ANXA1","","false","interacts with","GTF2I (interacts with) ANXA1","","V.TFIII_Q6"
"189","interacts with",,,,"GTF2I (interacts with) SHC1","","false","interacts with","GTF2I (interacts with) SHC1","","V.TFIII_Q6"
"190","interacts with",,,,"GTF2I (interacts with) PIAS3","","false","interacts with","GTF2I (interacts with) PIAS3","","V.TFIII_Q6"
"191","interacts with",,,,"GTF2I (interacts with) TGFA","","false","interacts with","GTF2I (interacts with) TGFA","","V.TFIII_Q6"
"192","interacts with",,,,"GTF2I (interacts with) AURKA","","false","interacts with","GTF2I (interacts with) AURKA","","V.TFIII_Q6"
"193","interacts with",,,,"GTF2I (interacts with) PML","","false","interacts with","GTF2I (interacts with) PML","","V.TFIII_Q6"
"194","interacts with",,,,"GTF2I (interacts with) SNRPD2","","false","interacts with","GTF2I (interacts with) SNRPD2","","V.TFIII_Q6"
"195","interacts with",,,,"GTF2I (interacts with) TPX2","","false","interacts with","GTF2I (interacts with) TPX2","","V.TFIII_Q6"
"196","interacts with",,,,"GTF2I (interacts with) FZR1","","false","interacts with","GTF2I (interacts with) FZR1","","V.TFIII_Q6"
"197","interacts with",,,,"GTF2I (interacts with) STAT3","","false","interacts with","GTF2I (interacts with) STAT3","","V.TFIII_Q6"
"198","interacts with",,,,"GTF2I (interacts with) ARID3A","","false","interacts with","GTF2I (interacts with) ARID3A","","V.TFIII_Q6"
"199","interacts with",,,,"GTF2I (interacts with) NFKB1","","false","interacts with","GTF2I (interacts with) NFKB1","","V.TFIII_Q6"
"200","interacts with",,,,"GTF2I (interacts with) PRKDC","","false","interacts with","GTF2I (interacts with) PRKDC","","V.TFIII_Q6"
"201","interacts with",,,,"GTF2I (interacts with) PIAS4","","false","interacts with","GTF2I (interacts with) PIAS4","","V.TFIII_Q6"
"202","interacts with",,,,"RELA (interacts with) HMGB2","","false","interacts with","RELA (interacts with) HMGB2","","V.RELBP52_01"
"203","interacts with",,,,"RELA (interacts with) LRP1","","false","interacts with","RELA (interacts with) LRP1","","V.RELBP52_01"
"204","interacts with",,,,"RELA (interacts with) PSMC2","","false","interacts with","RELA (interacts with) PSMC2","","V.RELBP52_01"
"205","interacts with",,,,"RELA (interacts with) PPM1D","","false","interacts with","RELA (interacts with) PPM1D","","V.RELBP52_01"
"206","interacts with",,,,"RELA (interacts with) SNRPA","","false","interacts with","RELA (interacts with) SNRPA","","V.RELBP52_01"
"207","interacts with",,,,"RELA (interacts with) MOCOS","","false","interacts with","RELA (interacts with) MOCOS","","V.RELBP52_01"
"208","interacts with",,,,"RELA (interacts with) MAPK8","","false","interacts with","RELA (interacts with) MAPK8","","V.RELBP52_01"
"209","interacts with",,,,"RELA (interacts with) TEC","","false","interacts with","RELA (interacts with) TEC","","V.RELBP52_01"
"210","interacts with",,,,"RELA (interacts with) SOCS5","","false","interacts with","RELA (interacts with) SOCS5","","V.RELBP52_01"
"211","interacts with",,,,"RELA (interacts with) DDX5","","false","interacts with","RELA (interacts with) DDX5","","V.RELBP52_01"
"212","interacts with",,,,"RELA (interacts with) ARID3A","","false","interacts with","RELA (interacts with) ARID3A","","V.RELBP52_01"
"213","interacts with",,,,"RELA (interacts with) GRB2","","false","interacts with","RELA (interacts with) GRB2","","V.RELBP52_01"
"214","interacts with",,,,"RELA (interacts with) PIAS4","","false","interacts with","RELA (interacts with) PIAS4","","V.RELBP52_01"
"215","interacts with",,,,"RELA (interacts with) PRKACA","","false","interacts with","RELA (interacts with) PRKACA","","V.RELBP52_01"
"216","interacts with",,,,"RELA (interacts with) CBL","","false","interacts with","RELA (interacts with) CBL","","V.RELBP52_01"
"217","interacts with",,,,"RELA (interacts with) SNRPD2","","false","interacts with","RELA (interacts with) SNRPD2","","V.RELBP52_01"
"218","interacts with",,,,"RELA (interacts with) ANAPC10","","false","interacts with","RELA (interacts with) ANAPC10","","V.RELBP52_01"
"219","interacts with",,,,"RELA (interacts with) RRM2B","","false","interacts with","RELA (interacts with) RRM2B","","V.RELBP52_01"
"220","interacts with",,,,"RELA (interacts with) CDK2","","false","interacts with","RELA (interacts with) CDK2","","V.RELBP52_01"
"221","interacts with",,,,"RELA (interacts with) HMGA2","","false","interacts with","RELA (interacts with) HMGA2","","V.RELBP52_01"
"222","interacts with",,,,"RELA (interacts with) PIAS3","","false","interacts with","RELA (interacts with) PIAS3","","V.RELBP52_01"
"223","interacts with",,,,"RELA (interacts with) NDC80","","false","interacts with","RELA (interacts with) NDC80","","V.RELBP52_01"
"224","interacts with",,,,"RELA (interacts with) CDC16","","false","interacts with","RELA (interacts with) CDC16","","V.RELBP52_01"
"225","interacts with",,,,"RELA (interacts with) HTT","","false","interacts with","RELA (interacts with) HTT","","V.RELBP52_01"
"226","interacts with",,,,"RELA (interacts with) THBS1","","false","interacts with","RELA (interacts with) THBS1","","V.RELBP52_01"
"227","interacts with",,,,"RELA (interacts with) TAF1B","","false","interacts with","RELA (interacts with) TAF1B","","V.RELBP52_01"
"228","interacts with",,,,"RELA (interacts with) TP53","","false","interacts with","RELA (interacts with) TP53","","V.RELBP52_01"
"229","interacts with",,,,"RELA (interacts with) IL4R","","false","interacts with","RELA (interacts with) IL4R","","V.RELBP52_01"
"230","interacts with",,,,"RELA (interacts with) CREBBP","","false","interacts with","RELA (interacts with) CREBBP","","V.RELBP52_01"
"231","interacts with",,,,"RELA (interacts with) ITGA5","","false","interacts with","RELA (interacts with) ITGA5","","V.RELBP52_01"
"232","interacts with",,,,"RELA (interacts with) CDC20","","false","interacts with","RELA (interacts with) CDC20","","V.RELBP52_01"
"233","interacts with",,,,"RELA (interacts with) SMAD2","","false","interacts with","RELA (interacts with) SMAD2","","V.RELBP52_01"
"234","interacts with",,,,"RELA (interacts with) PRKDC","","false","interacts with","RELA (interacts with) PRKDC","","V.RELBP52_01"
"235","interacts with",,,,"RELA (interacts with) CHUK","","false","interacts with","RELA (interacts with) CHUK","","V.RELBP52_01"
"236","interacts with",,,,"RELA (interacts with) SNRNP70","","false","interacts with","RELA (interacts with) SNRNP70","","V.RELBP52_01"
"237","interacts with",,,,"RELA (interacts with) EGFR","","false","interacts with","RELA (interacts with) EGFR","","V.RELBP52_01"
"238","interacts with",,,,"RELA (interacts with) NFKB1","","false","interacts with","RELA (interacts with) NFKB1","","V.RELBP52_01"
"239","interacts with",,,,"RELA (interacts with) BRCA1","","false","interacts with","RELA (interacts with) BRCA1","","V.RELBP52_01"
"240","interacts with",,,,"RELA (interacts with) CSNK2A1","","false","interacts with","RELA (interacts with) CSNK2A1","","V.RELBP52_01"
"241","interacts with",,,,"RELA (interacts with) NMT2","","false","interacts with","RELA (interacts with) NMT2","","V.RELBP52_01"
"242","interacts with",,,,"RELA (interacts with) CDC27","","false","interacts with","RELA (interacts with) CDC27","","V.RELBP52_01"
"243","interacts with",,,,"RELA (interacts with) RB1","","false","interacts with","RELA (interacts with) RB1","","V.RELBP52_01"
"244","interacts with",,,,"RELA (interacts with) TBP","","false","interacts with","RELA (interacts with) TBP","","V.RELBP52_01"
"245","interacts with",,,,"RELA (interacts with) BUB1","","false","interacts with","RELA (interacts with) BUB1","","V.RELBP52_01"
"246","interacts with",,,,"RELA (interacts with) YWHAG","","false","interacts with","RELA (interacts with) YWHAG","","V.RELBP52_01"
"247","interacts with",,,,"RELA (interacts with) ICAM1","","false","interacts with","RELA (interacts with) ICAM1","","V.RELBP52_01"
"248","interacts with",,,,"RELA (interacts with) EP300","","false","interacts with","RELA (interacts with) EP300","","V.RELBP52_01"
"249","interacts with",,,,"RELA (interacts with) COL13A1","","false","interacts with","RELA (interacts with) COL13A1","","V.RELA_Q6"
"250","interacts with",,,,"RELA (interacts with) SRPK1","","false","interacts with","RELA (interacts with) SRPK1","","V.RELA_Q6"
"251","interacts with",,,,"RELA (interacts with) SKIL","","false","interacts with","RELA (interacts with) SKIL","","V.RELA_Q6"
"252","interacts with",,,,"RELA (interacts with) FN1","","false","interacts with","RELA (interacts with) FN1","","V.RELA_Q6"
"253","interacts with",,,,"RELA (interacts with) PIAS1","","false","interacts with","RELA (interacts with) PIAS1","","V.RELA_Q6"
"254","interacts with",,,,"RELA (interacts with) CDK1","","false","interacts with","RELA (interacts with) CDK1","","V.RELA_Q6"
"255","interacts with",,,,"RELA (interacts with) AURKA","","false","interacts with","RELA (interacts with) AURKA","","V.RELA_Q6"
"256","interacts with",,,,"RELA (interacts with) TGFA","","false","interacts with","RELA (interacts with) TGFA","","V.RELA_Q6"
"257","interacts with",,,,"RELA (interacts with) PTPN11","","false","interacts with","RELA (interacts with) PTPN11","","V.RELA_Q6"
"258","interacts with",,,,"RELA (interacts with) CKAP5","","false","interacts with","RELA (interacts with) CKAP5","","V.RELA_Q6"
"259","interacts with",,,,"RELA (interacts with) HUWE1","","false","interacts with","RELA (interacts with) HUWE1","","V.RELA_Q6"
"260","interacts with",,,,"RELA (interacts with) PTTG1","","false","interacts with","RELA (interacts with) PTTG1","","V.RELA_Q6"
"261","interacts with",,,,"RELA (interacts with) STAT3","","false","interacts with","RELA (interacts with) STAT3","","V.RELA_Q6"
"262","interacts with",,,,"RELA (interacts with) PRKCA","","false","interacts with","RELA (interacts with) PRKCA","","V.RELA_Q6"
"263","interacts with",,,,"RELA (interacts with) PML","","false","interacts with","RELA (interacts with) PML","","V.RELA_Q6"
"264","interacts with",,,,"RELA (interacts with) CAV1","","false","interacts with","RELA (interacts with) CAV1","","V.RELA_Q6"
"265","interacts with",,,,"RELA (interacts with) FZR1","","false","interacts with","RELA (interacts with) FZR1","","V.RELA_Q6"
"266","interacts with",,,,"RELA (interacts with) SHC1","","false","interacts with","RELA (interacts with) SHC1","","V.RELA_Q6"
"267","interacts with",,,,"RELA (interacts with) HDAC1","","false","interacts with","RELA (interacts with) HDAC1","","V.RELA_Q6"
"268","interacts with",,,,"RELA (interacts with) JAK2","","false","interacts with","RELA (interacts with) JAK2","","V.RELA_Q6"
"269","interacts with",,,,"RELA (interacts with) SCAMP1","","false","interacts with","RELA (interacts with) SCAMP1","","V.RELA_Q6"
"270","interacts with",,,,"RELA (interacts with) ARIH2","","false","interacts with","RELA (interacts with) ARIH2","","V.RELA_Q6"
"271","interacts with",,,,"RELA (interacts with) TOP2A","","false","interacts with","RELA (interacts with) TOP2A","","V.RELA_Q6"
"272","interacts with",,,,"RELA (interacts with) MAD2L1","","false","interacts with","RELA (interacts with) MAD2L1","","V.RELA_Q6"
"273","interacts with",,,,"RELA (interacts with) TPX2","","false","interacts with","RELA (interacts with) TPX2","","V.RELA_Q6"
"274","interacts with",,,,"RELA (interacts with) ANXA1","","false","interacts with","RELA (interacts with) ANXA1","","V.RELA_Q6"
"275","interacts with",,,,"RELA (interacts with) CCNA2","","false","interacts with","RELA (interacts with) CCNA2","","V.RELA_03"
"276","interacts with",,,,"RELA (interacts with) PRPF40A","","false","interacts with","RELA (interacts with) PRPF40A","","V.RELA_03"
"277","interacts with",,,,"NFIC (interacts with) ITGA5","","false","interacts with","NFIC (interacts with) ITGA5","","V.NF1C_03"
"278","interacts with",,,,"NFIC (interacts with) RB1","","false","interacts with","NFIC (interacts with) RB1","","V.NF1C_03"
"279","interacts with",,,,"NFIC (interacts with) SCAMP1","","false","interacts with","NFIC (interacts with) SCAMP1","","V.NF1C_03"
"280","interacts with",,,,"NFIC (interacts with) HTT","","false","interacts with","NFIC (interacts with) HTT","","V.NF1C_03"
"281","interacts with",,,,"NFIC (interacts with) MAD2L1","","false","interacts with","NFIC (interacts with) MAD2L1","","V.NF1C_03"
"282","interacts with",,,,"NFIC (interacts with) CDC27","","false","interacts with","NFIC (interacts with) CDC27","","V.NF1C_01"
"283","interacts with",,,,"NFIC (interacts with) COL13A1","","false","interacts with","NFIC (interacts with) COL13A1","","V.NF1C_01"
"284","interacts with",,,,"NFIC (interacts with) EP300","","false","interacts with","NFIC (interacts with) EP300","","V.NF1C_01"
"285","interacts with",,,,"NFIC (interacts with) PRKACA","","false","interacts with","NFIC (interacts with) PRKACA","","V.NF1C_01"
"286","interacts with",,,,"NFIC (interacts with) CSNK2A1","","false","interacts with","NFIC (interacts with) CSNK2A1","","V.NF1C_01"
"287","interacts with",,,,"NFIC (interacts with) IL4R","","false","interacts with","NFIC (interacts with) IL4R","","V.NF1C_01"
"288","interacts with",,,,"NFIC (interacts with) PIAS4","","false","interacts with","NFIC (interacts with) PIAS4","","V.NF1C_01"
"289","interacts with",,,,"NFIC (interacts with) SKIL","","false","interacts with","NFIC (interacts with) SKIL","","V.NF1C_01"
"290","interacts with",,,,"NFIC (interacts with) CDK2","","false","interacts with","NFIC (interacts with) CDK2","","V.NF1C_01"
"291","interacts with",,,,"NFIC (interacts with) EGFR","","false","interacts with","NFIC (interacts with) EGFR","","V.NF1C_01"
"292","interacts with",,,,"NFIC (interacts with) TGFA","","false","interacts with","NFIC (interacts with) TGFA","","V.NF1C_01"
"293","interacts with",,,,"NFIC (interacts with) CDC20","","false","interacts with","NFIC (interacts with) CDC20","","V.NF1C_01"
"294","interacts with",,,,"NFIC (interacts with) PIAS3","","false","interacts with","NFIC (interacts with) PIAS3","","V.NF1C_01"
"295","interacts with",,,,"NFIC (interacts with) AURKA","","false","interacts with","NFIC (interacts with) AURKA","","V.NF1C_01"
"296","interacts with",,,,"NFIC (interacts with) PIAS1","","false","interacts with","NFIC (interacts with) PIAS1","","V.NF1_Q6"
"297","interacts with",,,,"NFIC (interacts with) TPX2","","false","interacts with","NFIC (interacts with) TPX2","","V.MYOGNF1_01"
"298","interacts with",,,,"NFIC (interacts with) TOP2A","","false","interacts with","NFIC (interacts with) TOP2A","","V.MYOGNF1_01"
"299","interacts with",,,,"NFIC (interacts with) RRM2B","","false","interacts with","NFIC (interacts with) RRM2B","","V.MYOGNF1_01"
"300","interacts with",,,,"NFIC (interacts with) PTPN11","","false","interacts with","NFIC (interacts with) PTPN11","","V.MYOGNF1_01"
"301","interacts with",,,,"NFIC (interacts with) SHC1","","false","interacts with","NFIC (interacts with) SHC1","","V.MYOGNF1_01"
"302","interacts with",,,,"NFIC (interacts with) STAT3","","false","interacts with","NFIC (interacts with) STAT3","","V.MYOGNF1_01"
"303","interacts with",,,,"NFIC (interacts with) SMAD2","","false","interacts with","NFIC (interacts with) SMAD2","","V.MYOGNF1_01"
"304","interacts with",,,,"NFIC (interacts with) MOCOS","","false","interacts with","NFIC (interacts with) MOCOS","","V.MYOGNF1_01"
"305","interacts with",,,,"NFIC (interacts with) PSMC2","","false","interacts with","NFIC (interacts with) PSMC2","","V.MYOGNF1_01"
"306","interacts with",,,,"NFIC (interacts with) CDC16","","false","interacts with","NFIC (interacts with) CDC16","","V.MYOGNF1_01"
"307","interacts with",,,,"NFIC (interacts with) NMT2","","false","interacts with","NFIC (interacts with) NMT2","","V.MYOGNF1_01"
"308","interacts with",,,,"NFIC (interacts with) SNRPA","","false","interacts with","NFIC (interacts with) SNRPA","","V.MYOGNF1_01"
"309","interacts with",,,,"NFIC (interacts with) THBS1","","false","interacts with","NFIC (interacts with) THBS1","","V.MYOGNF1_01"
"310","interacts with",,,,"NFIC (interacts with) PRKDC","","false","interacts with","NFIC (interacts with) PRKDC","","V.MYOGNF1_01"
"311","interacts with",,,,"NFIC (interacts with) NDC80","","false","interacts with","NFIC (interacts with) NDC80","","V.MYOGNF1_01"
"312","interacts with",,,,"NFIC (interacts with) HMGA2","","false","interacts with","NFIC (interacts with) HMGA2","","V.MYOGNF1_01"
"313","interacts with",,,,"NFIC (interacts with) SOCS5","","false","interacts with","NFIC (interacts with) SOCS5","","V.MYOGNF1_01"
"314","interacts with",,,,"NFIC (interacts with) NFKB1","","false","interacts with","NFIC (interacts with) NFKB1","","V.MYOGNF1_01"
"315","interacts with",,,,"NFIC (interacts with) SNRPD2","","false","interacts with","NFIC (interacts with) SNRPD2","","V.MYOGNF1_01"
"316","interacts with",,,,"NFIC (interacts with) SRPK1","","false","interacts with","NFIC (interacts with) SRPK1","","V.MYOGNF1_01"
"317","interacts with",,,,"NFIC (interacts with) PPM1D","","false","interacts with","NFIC (interacts with) PPM1D","","V.MYOGNF1_01"
"318","interacts with",,,,"NFIC (interacts with) HUWE1","","false","interacts with","NFIC (interacts with) HUWE1","","V.MYOGNF1_01"
"319","interacts with",,,,"NFIC (interacts with) LRP1","","false","interacts with","NFIC (interacts with) LRP1","","V.MYOGNF1_01"
"320","interacts with",,,,"NFIC (interacts with) PRPF40A","","false","interacts with","NFIC (interacts with) PRPF40A","","V.MYOGNF1_01"
"321","interacts with",,,,"NFIC (interacts with) PML","","false","interacts with","NFIC (interacts with) PML","","V.MYOGNF1_01"
"322","interacts with",,,,"NFIC (interacts with) BUB1","","false","interacts with","NFIC (interacts with) BUB1","","V.MYOGNF1_01"
"323","interacts with",,,,"NFIC (interacts with) MAPK8","","false","interacts with","NFIC (interacts with) MAPK8","","V.MYOGNF1_01"
"324","interacts with",,,,"NFIC (interacts with) TP53","","false","interacts with","NFIC (interacts with) TP53","","V.MYOGNF1_01"
"325","interacts with",,,,"NFIC (interacts with) CDK1","","false","interacts with","NFIC (interacts with) CDK1","","V.MYOGNF1_01"
"326","interacts with",,,,"NFIC (interacts with) CBL","","false","interacts with","NFIC (interacts with) CBL","","V.MYOGNF1_01"
"327","interacts with",,,,"TCF7L2 (interacts with) COL13A1","","false","interacts with","TCF7L2 (interacts with) COL13A1","","V.TCF7L2_07"
"328","interacts with",,,,"TCF7L2 (interacts with) LRP1","","false","interacts with","TCF7L2 (interacts with) LRP1","","V.TCF7L2_07"
"329","interacts with",,,,"TCF7L2 (interacts with) STAT3","","false","interacts with","TCF7L2 (interacts with) STAT3","","V.TCF7L2_07"
"330","interacts with",,,,"TCF7L2 (interacts with) MAD2L1","","false","interacts with","TCF7L2 (interacts with) MAD2L1","","V.TCF7L2_07"
"331","interacts with",,,,"TCF7L2 (interacts with) DDX5","","false","interacts with","TCF7L2 (interacts with) DDX5","","V.TCF7L2_07"
"332","interacts with",,,,"TCF7L2 (interacts with) PIAS1","","false","interacts with","TCF7L2 (interacts with) PIAS1","","V.TCF7L2_07"
"333","interacts with",,,,"TCF7L2 (interacts with) SHC1","","false","interacts with","TCF7L2 (interacts with) SHC1","","V.TCF7L2_07"
"334","interacts with",,,,"TCF7L2 (interacts with) NMT2","","false","interacts with","TCF7L2 (interacts with) NMT2","","V.TCF4_Q5_02"
"335","interacts with",,,,"TCF7L2 (interacts with) CDC16","","false","interacts with","TCF7L2 (interacts with) CDC16","","V.TCF4_Q5_02"
"336","interacts with",,,,"TCF7L2 (interacts with) TPX2","","false","interacts with","TCF7L2 (interacts with) TPX2","","V.TCF4_Q5_02"
"337","interacts with",,,,"TCF7L2 (interacts with) EGFR","","false","interacts with","TCF7L2 (interacts with) EGFR","","V.TCF4_Q5_02"
"338","interacts with",,,,"TCF7L2 (interacts with) CHUK","","false","interacts with","TCF7L2 (interacts with) CHUK","","V.TCF4_Q5_02"
"339","interacts with",,,,"TCF7L2 (interacts with) CDK1","","false","interacts with","TCF7L2 (interacts with) CDK1","","V.TCF4_Q5_02"
"340","interacts with",,,,"TCF7L2 (interacts with) PTTG1","","false","interacts with","TCF7L2 (interacts with) PTTG1","","V.TCF4_Q5_02"
"341","interacts with",,,,"TCF7L2 (interacts with) HMGA2","","false","interacts with","TCF7L2 (interacts with) HMGA2","","V.TCF4_Q5_02"
"342","interacts with",,,,"TCF7L2 (interacts with) CKAP5","","false","interacts with","TCF7L2 (interacts with) CKAP5","","V.TCF4_Q5_02"
"343","interacts with",,,,"TCF7L2 (interacts with) PML","","false","interacts with","TCF7L2 (interacts with) PML","","V.TCF4_Q5_02"
"344","interacts with",,,,"TCF7L2 (interacts with) BUB1","","false","interacts with","TCF7L2 (interacts with) BUB1","","V.TCF4_Q5_02"
"345","interacts with",,,,"TCF7L2 (interacts with) PSMC2","","false","interacts with","TCF7L2 (interacts with) PSMC2","","V.TCF4_Q5_02"
"346","interacts with",,,,"TCF7L2 (interacts with) AURKA","","false","interacts with","TCF7L2 (interacts with) AURKA","","V.TCF4_Q5_02"
"347","interacts with",,,,"TCF7L2 (interacts with) HDAC1","","false","interacts with","TCF7L2 (interacts with) HDAC1","","V.TCF4_Q5_02"
"348","interacts with",,,,"TCF7L2 (interacts with) TOP2A","","false","interacts with","TCF7L2 (interacts with) TOP2A","","V.TCF4_Q5_02"
"349","interacts with",,,,"TCF7L2 (interacts with) SOCS5","","false","interacts with","TCF7L2 (interacts with) SOCS5","","V.TCF4_Q5_02"
"350","interacts with",,,,"TCF7L2 (interacts with) SNRPA","","false","interacts with","TCF7L2 (interacts with) SNRPA","","V.TCF4_Q5"
"351","interacts with",,,,"TCF7L2 (interacts with) PPM1D","","false","interacts with","TCF7L2 (interacts with) PPM1D","","V.TCF4_Q5"
"352","interacts with",,,,"TCF7L2 (interacts with) NDC80","","false","interacts with","TCF7L2 (interacts with) NDC80","","V.TCF4_07"
"353","interacts with",,,,"TCF7L2 (interacts with) PIAS3","","false","interacts with","TCF7L2 (interacts with) PIAS3","","V.TCF4_07"
"354","interacts with",,,,"TCF7L2 (interacts with) SRPK1","","false","interacts with","TCF7L2 (interacts with) SRPK1","","V.TCF4_07"
"355","interacts with",,,,"TCF7L2 (interacts with) SNRNP70","","false","interacts with","TCF7L2 (interacts with) SNRNP70","","V.TCF4_07"
"356","interacts with",,,,"TCF7L2 (interacts with) PRKCA","","false","interacts with","TCF7L2 (interacts with) PRKCA","","V.TCF4_07"
"357","interacts with",,,,"TCF7L2 (interacts with) EP300","","false","interacts with","TCF7L2 (interacts with) EP300","","V.TCF4_07"
"358","interacts with",,,,"TCF7L2 (interacts with) BRCA1","","false","interacts with","TCF7L2 (interacts with) BRCA1","","V.TCF4_07"
"359","interacts with",,,,"TCF7L2 (interacts with) TGFA","","false","interacts with","TCF7L2 (interacts with) TGFA","","V.TCF4_07"
"360","interacts with",,,,"TCF7L2 (interacts with) ANXA1","","false","interacts with","TCF7L2 (interacts with) ANXA1","","V.TCF4_07"
"361","interacts with",,,,"TCF7L2 (interacts with) ICAM1","","false","interacts with","TCF7L2 (interacts with) ICAM1","","V.TCF4_07"
"362","interacts with",,,,"TCF7L2 (interacts with) HUWE1","","false","interacts with","TCF7L2 (interacts with) HUWE1","","V.TCF4_07"
"363","interacts with",,,,"TCF7L2 (interacts with) CBL","","false","interacts with","TCF7L2 (interacts with) CBL","","V.TCF4_07"
"364","interacts with",,,,"TCF7L2 (interacts with) HMGB2","","false","interacts with","TCF7L2 (interacts with) HMGB2","","V.TCF4_07"
"365","interacts with",,,,"TCF7L2 (interacts with) TP53","","false","interacts with","TCF7L2 (interacts with) TP53","","V.TCF4_07"
"366","interacts with",,,,"TCF7L2 (interacts with) CAV1","","false","interacts with","TCF7L2 (interacts with) CAV1","","V.TCF4_07"
"367","interacts with",,,,"TCF7L2 (interacts with) TEC","","false","interacts with","TCF7L2 (interacts with) TEC","","V.TCF4_07"
"368","interacts with",,,,"TCF7L2 (interacts with) FN1","","false","interacts with","TCF7L2 (interacts with) FN1","","V.TCF4_07"
"369","interacts with",,,,"TCF7L2 (interacts with) CDC27","","false","interacts with","TCF7L2 (interacts with) CDC27","","V.TCF4_07"
"370","interacts with",,,,"TCF7L2 (interacts with) IL4R","","false","interacts with","TCF7L2 (interacts with) IL4R","","V.TCF4_01"
"371","interacts with",,,,"TCF7L2 (interacts with) CREBBP","","false","interacts with","TCF7L2 (interacts with) CREBBP","","V.TCF4_01"
"372","interacts with",,,,"TCF7L2 (interacts with) NFKB1","","false","interacts with","TCF7L2 (interacts with) NFKB1","","V.TCF4_01"
"373","interacts with",,,,"TCF7L2 (interacts with) CDK2","","false","interacts with","TCF7L2 (interacts with) CDK2","","V.TCF4_01"
"374","interacts with",,,,"TCF7L2 (interacts with) CCNA2","","false","interacts with","TCF7L2 (interacts with) CCNA2","","V.TCF4_01"
"375","interacts with",,,,"TCF7L2 (interacts with) TBP","","false","interacts with","TCF7L2 (interacts with) TBP","","V.TCF4_01"
"376","interacts with",,,,"TCF7L2 (interacts with) PIAS4","","false","interacts with","TCF7L2 (interacts with) PIAS4","","V.TCF4_01"
"377","interacts with",,,,"TCF7L2 (interacts with) YWHAG","","false","interacts with","TCF7L2 (interacts with) YWHAG","","V.TCF4_01"
"378","interacts with",,,,"TCF7L2 (interacts with) ARIH2","","false","interacts with","TCF7L2 (interacts with) ARIH2","","V.TCF4_01"
"379","interacts with",,,,"TCF7L2 (interacts with) MAPK8","","false","interacts with","TCF7L2 (interacts with) MAPK8","","V.TCF4_01"
"380","interacts with",,,,"TCF7L2 (interacts with) ANAPC10","","false","interacts with","TCF7L2 (interacts with) ANAPC10","","V.TCF4_01"
"381","interacts with",,,,"TCF7L2 (interacts with) RB1","","false","interacts with","TCF7L2 (interacts with) RB1","","V.TCF4_01"
"382","interacts with",,,,"TCF7L2 (interacts with) CSNK2A1","","false","interacts with","TCF7L2 (interacts with) CSNK2A1","","V.TCF4_01"
"383","interacts with",,,,"TCF7L2 (interacts with) SCAMP1","","false","interacts with","TCF7L2 (interacts with) SCAMP1","","V.TCF4_01"
"384","interacts with",,,,"TCF7L2 (interacts with) GRB2","","false","interacts with","TCF7L2 (interacts with) GRB2","","V.TCF4_01"
"385","interacts with",,,,"TCF7L2 (interacts with) ITGA5","","false","interacts with","TCF7L2 (interacts with) ITGA5","","V.TCF4_01"
"386","interacts with",,,,"TCF7L2 (interacts with) TAF1B","","false","interacts with","TCF7L2 (interacts with) TAF1B","","V.TCF4_01"
"387","interacts with",,,,"TCF7L2 (interacts with) PRKDC","","false","interacts with","TCF7L2 (interacts with) PRKDC","","V.TCF4_01"
"388","interacts with",,,,"TCF7L2 (interacts with) MOCOS","","false","interacts with","TCF7L2 (interacts with) MOCOS","","V.TCF4_01"
"389","interacts with",,,,"TCF7L2 (interacts with) HTT","","false","interacts with","TCF7L2 (interacts with) HTT","","V.ETS_Q6"
"390","interacts with",,,,"TCF7L2 (interacts with) JAK2","","false","interacts with","TCF7L2 (interacts with) JAK2","","V.ETS_Q6"
"391","interacts with",,,,"TCF7L2 (interacts with) RRM2B","","false","interacts with","TCF7L2 (interacts with) RRM2B","","V.ETS_Q6"
"392","interacts with",,,,"TCF7L2 (interacts with) FZR1","","false","interacts with","TCF7L2 (interacts with) FZR1","","V.ETS_Q6"
"393","interacts with",,,,"TCF7L2 (interacts with) PRKACA","","false","interacts with","TCF7L2 (interacts with) PRKACA","","V.ETS_Q6"
"394","interacts with",,,,"TCF7L2 (interacts with) THBS1","","false","interacts with","TCF7L2 (interacts with) THBS1","","V.ETS_Q6"
"395","interacts with",,,,"TCF7L2 (interacts with) CDC20","","false","interacts with","TCF7L2 (interacts with) CDC20","","V.ETS_Q6"
"396","interacts with",,,,"TCF7L2 (interacts with) SMAD2","","false","interacts with","TCF7L2 (interacts with) SMAD2","","V.ETS_Q6"
"397","interacts with",,,,"TCF7L2 (interacts with) SNRPD2","","false","interacts with","TCF7L2 (interacts with) SNRPD2","","V.ETS_Q6"
"398","interacts with",,,,"TCF7L2 (interacts with) PRPF40A","","false","interacts with","TCF7L2 (interacts with) PRPF40A","","V.ETS_Q6"
"399","interacts with",,,,"TCF7L2 (interacts with) SKIL","","false","interacts with","TCF7L2 (interacts with) SKIL","","V.ETS_Q6"
"400","interacts with",,,,"TCF7L2 (interacts with) PTPN11","","false","interacts with","TCF7L2 (interacts with) PTPN11","","V.ETS_Q6"
"401","interacts with",,,,"TCF7L2 (interacts with) ARID3A","","false","interacts with","TCF7L2 (interacts with) ARID3A","","V.ETS_Q6"
"402","interacts with",,,,"MYC (interacts with) EGFR","","false","interacts with","MYC (interacts with) EGFR","","V.MYCMAX_B"
"403","interacts with",,,,"MYC (interacts with) PRKCA","","false","interacts with","MYC (interacts with) PRKCA","","V.MYCMAX_B"
"404","interacts with",,,,"MYC (interacts with) THBS1","","false","interacts with","MYC (interacts with) THBS1","","V.MYCMAX_B"
"405","interacts with",,,,"MYC (interacts with) IL4R","","false","interacts with","MYC (interacts with) IL4R","","V.MYCMAX_B"
"406","interacts with",,,,"MYC (interacts with) ARID3A","","false","interacts with","MYC (interacts with) ARID3A","","V.MYCMAX_B"
"407","interacts with",,,,"MYC (interacts with) ANAPC10","","false","interacts with","MYC (interacts with) ANAPC10","","V.MYCMAX_B"
"408","interacts with",,,,"MYC (interacts with) ICAM1","","false","interacts with","MYC (interacts with) ICAM1","","V.MYCMAX_B"
"409","interacts with",,,,"MYC (interacts with) STAT3","","false","interacts with","MYC (interacts with) STAT3","","V.MYCMAX_B"
"410","interacts with",,,,"MYC (interacts with) LRP1","","false","interacts with","MYC (interacts with) LRP1","","V.MYCMAX_B"
"411","interacts with",,,,"MYC (interacts with) CKAP5","","false","interacts with","MYC (interacts with) CKAP5","","V.MYCMAX_B"
"412","interacts with",,,,"MYC (interacts with) PSMC2","","false","interacts with","MYC (interacts with) PSMC2","","V.MYCMAX_B"
"413","interacts with",,,,"MYC (interacts with) PIAS4","","false","interacts with","MYC (interacts with) PIAS4","","V.MYCMAX_B"
"414","interacts with",,,,"MYC (interacts with) CSNK2A1","","false","interacts with","MYC (interacts with) CSNK2A1","","V.MYCMAX_B"
"415","interacts with",,,,"MYC (interacts with) SOCS5","","false","interacts with","MYC (interacts with) SOCS5","","V.MYCMAX_B"
"416","interacts with",,,,"MYC (interacts with) FZR1","","false","interacts with","MYC (interacts with) FZR1","","V.MYCMAX_B"
"417","interacts with",,,,"MYC (interacts with) HTT","","false","interacts with","MYC (interacts with) HTT","","V.MYCMAX_B"
"418","interacts with",,,,"MYC (interacts with) NMT2","","false","interacts with","MYC (interacts with) NMT2","","V.MYCMAX_B"
"419","interacts with",,,,"MYC (interacts with) CDC16","","false","interacts with","MYC (interacts with) CDC16","","V.MYCMAX_B"
"420","interacts with",,,,"MYC (interacts with) SNRPA","","false","interacts with","MYC (interacts with) SNRPA","","V.MYCMAX_B"
"421","interacts with",,,,"MYC (interacts with) CREBBP","","false","interacts with","MYC (interacts with) CREBBP","","V.MYCMAX_B"
"422","interacts with",,,,"MYC (interacts with) TP53","","false","interacts with","MYC (interacts with) TP53","","V.MYCMAX_B"
"423","interacts with",,,,"MYC (interacts with) MOCOS","","false","interacts with","MYC (interacts with) MOCOS","","V.MYCMAX_B"
"424","interacts with",,,,"MYC (interacts with) CBL","","false","interacts with","MYC (interacts with) CBL","","V.MYCMAX_B"
"425","interacts with",,,,"MYC (interacts with) SNRPD2","","false","interacts with","MYC (interacts with) SNRPD2","","V.MYCMAX_B"
"426","interacts with",,,,"MYC (interacts with) MAPK8","","false","interacts with","MYC (interacts with) MAPK8","","V.MYCMAX_B"
"427","interacts with",,,,"MYC (interacts with) SCAMP1","","false","interacts with","MYC (interacts with) SCAMP1","","V.MYCMAX_B"
"428","interacts with",,,,"MYC (interacts with) SKIL","","false","interacts with","MYC (interacts with) SKIL","","V.MYCMAX_B"
"429","interacts with",,,,"MYC (interacts with) SNRNP70","","false","interacts with","MYC (interacts with) SNRNP70","","V.CMYC_01"
"430","interacts with",,,,"MYC (interacts with) HMGA2","","false","interacts with","MYC (interacts with) HMGA2","","V.CMYC_01"
"431","interacts with",,,,"MYC (interacts with) SMAD2","","false","interacts with","MYC (interacts with) SMAD2","","V.CMYC_01"
"432","interacts with",,,,"TFAP4 (interacts with) PIAS4","","false","interacts with","TFAP4 (interacts with) PIAS4","","V.TFAP4ETV4_01"
"433","interacts with",,,,"TFAP4 (interacts with) HUWE1","","false","interacts with","TFAP4 (interacts with) HUWE1","","V.TFAP4ETV4_01"
"434","interacts with",,,,"TFAP4 (interacts with) MOCOS","","false","interacts with","TFAP4 (interacts with) MOCOS","","V.TFAP4ETV4_01"
"435","interacts with",,,,"TFAP4 (interacts with) CKAP5","","false","interacts with","TFAP4 (interacts with) CKAP5","","V.TFAP4ETV4_01"
"436","interacts with",,,,"TFAP4 (interacts with) TGFA","","false","interacts with","TFAP4 (interacts with) TGFA","","V.TFAP4ETV4_01"
"437","interacts with",,,,"TFAP4 (interacts with) PIAS3","","false","interacts with","TFAP4 (interacts with) PIAS3","","V.TFAP4ETV4_01"
"438","interacts with",,,,"TFAP4 (interacts with) COL13A1","","false","interacts with","TFAP4 (interacts with) COL13A1","","V.TFAP4ETV4_01"
"439","interacts with",,,,"TFAP4 (interacts with) SNRPD2","","false","interacts with","TFAP4 (interacts with) SNRPD2","","V.TFAP4ETV4_01"
"440","interacts with",,,,"TFAP4 (interacts with) TOP2A","","false","interacts with","TFAP4 (interacts with) TOP2A","","V.TFAP4ETV4_01"
"441","interacts with",,,,"TFAP4 (interacts with) LRP1","","false","interacts with","TFAP4 (interacts with) LRP1","","V.TFAP4ETV4_01"
"442","interacts with",,,,"TFAP4 (interacts with) CAV1","","false","interacts with","TFAP4 (interacts with) CAV1","","V.TFAP4ETV4_01"
"443","interacts with",,,,"TFAP4 (interacts with) MAD2L1","","false","interacts with","TFAP4 (interacts with) MAD2L1","","V.TFAP4ETV4_01"
"444","interacts with",,,,"TFAP4 (interacts with) BUB1","","false","interacts with","TFAP4 (interacts with) BUB1","","V.TFAP4ETV4_01"
"445","interacts with",,,,"TFAP4 (interacts with) CHUK","","false","interacts with","TFAP4 (interacts with) CHUK","","V.TFAP4ETV4_01"
"446","interacts with",,,,"TFAP4 (interacts with) SRPK1","","false","interacts with","TFAP4 (interacts with) SRPK1","","V.TFAP4ETV4_01"
"447","interacts with",,,,"TFAP4 (interacts with) CREBBP","","false","interacts with","TFAP4 (interacts with) CREBBP","","V.TFAP4ETV4_01"
"448","interacts with",,,,"TFAP4 (interacts with) TP53","","false","interacts with","TFAP4 (interacts with) TP53","","V.TFAP4ETV4_01"
"449","interacts with",,,,"TFAP4 (interacts with) STAT3","","false","interacts with","TFAP4 (interacts with) STAT3","","V.TFAP4ETV4_01"
"450","interacts with",,,,"TFAP4 (interacts with) CDK2","","false","interacts with","TFAP4 (interacts with) CDK2","","V.TFAP4ETV4_01"
"451","interacts with",,,,"TFAP4 (interacts with) PRKDC","","false","interacts with","TFAP4 (interacts with) PRKDC","","V.TFAP4ETV4_01"
"452","interacts with",,,,"TFAP4 (interacts with) PRKACA","","false","interacts with","TFAP4 (interacts with) PRKACA","","V.TFAP4ETV4_01"
"453","interacts with",,,,"TFAP4 (interacts with) CDC27","","false","interacts with","TFAP4 (interacts with) CDC27","","V.TFAP4ETV4_01"
"454","interacts with",,,,"TFAP4 (interacts with) SNRPA","","false","interacts with","TFAP4 (interacts with) SNRPA","","V.TFAP4ETV4_01"
"455","interacts with",,,,"TFAP4 (interacts with) SCAMP1","","false","interacts with","TFAP4 (interacts with) SCAMP1","","V.TFAP4ETV4_01"
"456","interacts with",,,,"TFAP4 (interacts with) CSNK2A1","","false","interacts with","TFAP4 (interacts with) CSNK2A1","","V.TFAP4ETV4_01"
"457","interacts with",,,,"TFAP4 (interacts with) ARID3A","","false","interacts with","TFAP4 (interacts with) ARID3A","","V.TFAP4ETV4_01"
"458","interacts with",,,,"TFAP4 (interacts with) PTTG1","","false","interacts with","TFAP4 (interacts with) PTTG1","","V.TFAP4ETV4_01"
"459","interacts with",,,,"TFAP4 (interacts with) HMGA2","","false","interacts with","TFAP4 (interacts with) HMGA2","","V.TFAP4ETV4_01"
"460","interacts with",,,,"TFAP4 (interacts with) CDC16","","false","interacts with","TFAP4 (interacts with) CDC16","","V.TFAP4ETV4_01"
"461","interacts with",,,,"TFAP4 (interacts with) TPX2","","false","interacts with","TFAP4 (interacts with) TPX2","","V.TFAP4ETV4_01"
"462","interacts with",,,,"TFAP4 (interacts with) SMAD2","","false","interacts with","TFAP4 (interacts with) SMAD2","","V.TFAP4ETV4_01"
"463","interacts with",,,,"TFAP4 (interacts with) PPM1D","","false","interacts with","TFAP4 (interacts with) PPM1D","","V.TFAP4ETV4_01"
"464","interacts with",,,,"TFAP4 (interacts with) TAF1B","","false","interacts with","TFAP4 (interacts with) TAF1B","","V.TFAP4ETV4_01"
"465","interacts with",,,,"TFAP4 (interacts with) CBL","","false","interacts with","TFAP4 (interacts with) CBL","","V.TFAP4ETV4_01"
"466","interacts with",,,,"TFAP4 (interacts with) ANXA1","","false","interacts with","TFAP4 (interacts with) ANXA1","","V.TFAP4ETV4_01"
"467","interacts with",,,,"TFAP4 (interacts with) SKIL","","false","interacts with","TFAP4 (interacts with) SKIL","","V.TFAP4ETV4_01"
"468","interacts with",,,,"TFAP4 (interacts with) MAPK8","","false","interacts with","TFAP4 (interacts with) MAPK8","","V.TFAP4ETV4_01"
"469","interacts with",,,,"TFAP4 (interacts with) YWHAG","","false","interacts with","TFAP4 (interacts with) YWHAG","","V.TFAP4ETV4_01"
"470","interacts with",,,,"TFAP4 (interacts with) IL4R","","false","interacts with","TFAP4 (interacts with) IL4R","","V.TFAP4ETV4_01"
"471","interacts with",,,,"TFAP4 (interacts with) FN1","","false","interacts with","TFAP4 (interacts with) FN1","","V.TFAP4ETV4_01"
"472","interacts with",,,,"TFAP4 (interacts with) PRKCA","","false","interacts with","TFAP4 (interacts with) PRKCA","","V.TFAP4ETV4_01"
"473","interacts with",,,,"TFAP4 (interacts with) CDK1","","false","interacts with","TFAP4 (interacts with) CDK1","","V.TFAP4ETV4_01"
"474","interacts with",,,,"TFAP4 (interacts with) TBP","","false","interacts with","TFAP4 (interacts with) TBP","","V.TFAP4ETV4_01"
"475","interacts with",,,,"TFAP4 (interacts with) JAK2","","false","interacts with","TFAP4 (interacts with) JAK2","","V.TFAP4ETV4_01"
"476","interacts with",,,,"TFAP4 (interacts with) AURKA","","false","interacts with","TFAP4 (interacts with) AURKA","","V.TFAP4ETV4_01"
"477","interacts with",,,,"TFAP4 (interacts with) NDC80","","false","interacts with","TFAP4 (interacts with) NDC80","","V.TFAP4ETV4_01"
"478","interacts with",,,,"TFAP4 (interacts with) ANAPC10","","false","interacts with","TFAP4 (interacts with) ANAPC10","","V.TFAP4ETV4_01"
"479","interacts with",,,,"TFAP4 (interacts with) NMT2","","false","interacts with","TFAP4 (interacts with) NMT2","","V.TFAP4ETV4_01"
"480","interacts with",,,,"TFAP4 (interacts with) ITGA5","","false","interacts with","TFAP4 (interacts with) ITGA5","","V.TFAP4ETV4_01"
"481","interacts with",,,,"TFAP4 (interacts with) RB1","","false","interacts with","TFAP4 (interacts with) RB1","","V.TFAP4ETV4_01"
"482","interacts with",,,,"TFAP4 (interacts with) HDAC1","","false","interacts with","TFAP4 (interacts with) HDAC1","","V.TFAP4ETV4_01"
"483","interacts with",,,,"TFAP4 (interacts with) HTT","","false","interacts with","TFAP4 (interacts with) HTT","","V.TFAP4ETV4_01"
"484","interacts with",,,,"TFAP4 (interacts with) PRPF40A","","false","interacts with","TFAP4 (interacts with) PRPF40A","","V.TFAP4ETV4_01"
"485","interacts with",,,,"TFAP4 (interacts with) PIAS1","","false","interacts with","TFAP4 (interacts with) PIAS1","","V.TFAP4ETV4_01"
"486","interacts with",,,,"TFAP4 (interacts with) ARIH2","","false","interacts with","TFAP4 (interacts with) ARIH2","","V.TFAP4ETV4_01"
"487","interacts with",,,,"TFAP4 (interacts with) NFKB1","","false","interacts with","TFAP4 (interacts with) NFKB1","","V.TFAP4ETV4_01"
"488","interacts with",,,,"TFAP4 (interacts with) BRCA1","","false","interacts with","TFAP4 (interacts with) BRCA1","","V.TFAP4ETV4_01"
"489","interacts with",,,,"TFAP4 (interacts with) CDC20","","false","interacts with","TFAP4 (interacts with) CDC20","","V.TFAP4ETV4_01"
"490","interacts with",,,,"TFAP4 (interacts with) SNRNP70","","false","interacts with","TFAP4 (interacts with) SNRNP70","","V.TFAP4ETV4_01"
"491","interacts with",,,,"TFAP4 (interacts with) HMGB2","","false","interacts with","TFAP4 (interacts with) HMGB2","","V.TFAP4ETV4_01"
"492","interacts with",,,,"TFAP4 (interacts with) TEC","","false","interacts with","TFAP4 (interacts with) TEC","","V.TFAP4ETV4_01"
"493","interacts with",,,,"TFAP4 (interacts with) ICAM1","","false","interacts with","TFAP4 (interacts with) ICAM1","","V.TFAP4ETV4_01"
"494","interacts with",,,,"TFAP4 (interacts with) EGFR","","false","interacts with","TFAP4 (interacts with) EGFR","","V.TFAP4ETV4_01"
"495","interacts with",,,,"TFAP4 (interacts with) GRB2","","false","interacts with","TFAP4 (interacts with) GRB2","","V.TFAP4ETV4_01"
"496","interacts with",,,,"TFAP4 (interacts with) RRM2B","","false","interacts with","TFAP4 (interacts with) RRM2B","","V.TFAP4ETV4_01"
"497","interacts with",,,,"TFAP4 (interacts with) PTPN11","","false","interacts with","TFAP4 (interacts with) PTPN11","","V.TFAP4ETV4_01"
"498","interacts with",,,,"TFAP4 (interacts with) EP300","","false","interacts with","TFAP4 (interacts with) EP300","","V.TFAP4ETV4_01"
"499","interacts with",,,,"TFAP4 (interacts with) PML","","false","interacts with","TFAP4 (interacts with) PML","","V.TFAP4ETV4_01"
"500","interacts with",,,,"TFAP4 (interacts with) FZR1","","false","interacts with","TFAP4 (interacts with) FZR1","","V.TFAP4ETV4_01"
"501","interacts with",,,,"TFAP4 (interacts with) THBS1","","false","interacts with","TFAP4 (interacts with) THBS1","","V.TFAP4ETV4_01"
"502","interacts with",,,,"TFAP4 (interacts with) PSMC2","","false","interacts with","TFAP4 (interacts with) PSMC2","","V.TFAP4ETV4_01"
"503","interacts with",,,,"TFAP4 (interacts with) CCNA2","","false","interacts with","TFAP4 (interacts with) CCNA2","","V.TFAP4ETV4_01"
"504","interacts with",,,,"TFAP4 (interacts with) DDX5","","false","interacts with","TFAP4 (interacts with) DDX5","","V.TFAP4ETV1_01"
"505","interacts with",,,,"TFAP4 (interacts with) SOCS5","","false","interacts with","TFAP4 (interacts with) SOCS5","","V.TFAP4ETV1_01"
"506","interacts with",,,,"TFAP4 (interacts with) SHC1","","false","interacts with","TFAP4 (interacts with) SHC1","","V.TFAP4ETV1_01"
"507","interacts with",,,,"JUN (interacts with) PTPN11","","false","interacts with","JUN (interacts with) PTPN11","","V.JUNFRA2_01"
"508","interacts with",,,,"JUN (interacts with) PTTG1","","false","interacts with","JUN (interacts with) PTTG1","","V.JUNFRA2_01"
"509","interacts with",,,,"JUN (interacts with) ANAPC10","","false","interacts with","JUN (interacts with) ANAPC10","","V.JUNFRA2_01"
"510","interacts with",,,,"JUN (interacts with) CHUK","","false","interacts with","JUN (interacts with) CHUK","","V.JUNFRA2_01"
"511","interacts with",,,,"JUN (interacts with) SOCS5","","false","interacts with","JUN (interacts with) SOCS5","","V.JUNFRA2_01"
"512","interacts with",,,,"JUN (interacts with) LRP1","","false","interacts with","JUN (interacts with) LRP1","","V.JUNFRA2_01"
"513","interacts with",,,,"JUN (interacts with) PSMC2","","false","interacts with","JUN (interacts with) PSMC2","","V.JUNFRA1_01"
"514","interacts with",,,,"JUN (interacts with) MAD2L1","","false","interacts with","JUN (interacts with) MAD2L1","","V.FOSJUN_02"
"515","interacts with",,,,"JUN (interacts with) SNRPA","","false","interacts with","JUN (interacts with) SNRPA","","V.FOSJUN_02"
"516","interacts with",,,,"JUN (interacts with) SRPK1","","false","interacts with","JUN (interacts with) SRPK1","","V.FOSJUN_02"
"517","interacts with",,,,"JUN (interacts with) JAK2","","false","interacts with","JUN (interacts with) JAK2","","V.FOSJUN_02"
"518","interacts with",,,,"JUN (interacts with) TEC","","false","interacts with","JUN (interacts with) TEC","","V.AP1_02"
"519","interacts with",,,,"JUN (interacts with) TGFA","","false","interacts with","JUN (interacts with) TGFA","","V.AP1_02"
"520","interacts with",,,,"JUN (interacts with) CDC27","","false","interacts with","JUN (interacts with) CDC27","","V.AP1_02"
"521","interacts with",,,,"JUN (interacts with) GRB2","","false","interacts with","JUN (interacts with) GRB2","","V.AP1_02"
"522","interacts with",,,,"JUN (interacts with) PPM1D","","false","interacts with","JUN (interacts with) PPM1D","","V.AP1_02"
"523","interacts with",,,,"JUN (interacts with) YWHAG","","false","interacts with","JUN (interacts with) YWHAG","","V.AP1_02"
"524","interacts with",,,,"JUN (interacts with) PML","","false","interacts with","JUN (interacts with) PML","","V.AP1_02"
"525","interacts with",,,,"JUN (interacts with) ICAM1","","false","interacts with","JUN (interacts with) ICAM1","","V.AP1_02"
"526","interacts with",,,,"JUN (interacts with) FN1","","false","interacts with","JUN (interacts with) FN1","","V.AP1_02"
"527","interacts with",,,,"NFYC (interacts with) PRPF40A","","false","interacts with","NFYC (interacts with) PRPF40A","","V.NFYC_Q5"
"528","interacts with",,,,"NFYC (interacts with) CDC20","","false","interacts with","NFYC (interacts with) CDC20","","V.NFYC_Q5"
"529","interacts with",,,,"NFYC (interacts with) STAT3","","false","interacts with","NFYC (interacts with) STAT3","","V.NFYC_Q5"
"530","interacts with",,,,"NFYC (interacts with) EGFR","","false","interacts with","NFYC (interacts with) EGFR","","V.NFYC_Q5"
"531","interacts with",,,,"NFYC (interacts with) DDX5","","false","interacts with","NFYC (interacts with) DDX5","","V.NFYC_Q5"
"532","interacts with",,,,"NFYC (interacts with) TBP","","false","interacts with","NFYC (interacts with) TBP","","V.NFYC_Q5"
"533","interacts with",,,,"NFYC (interacts with) CDC27","","false","interacts with","NFYC (interacts with) CDC27","","V.NFYC_Q5"
"534","interacts with",,,,"NFYC (interacts with) PIAS1","","false","interacts with","NFYC (interacts with) PIAS1","","V.NFYC_Q5"
"535","interacts with",,,,"NFYC (interacts with) TEC","","false","interacts with","NFYC (interacts with) TEC","","V.NFYC_Q5"
"536","interacts with",,,,"NFYC (interacts with) ANXA1","","false","interacts with","NFYC (interacts with) ANXA1","","V.NFYC_Q5"
"537","interacts with",,,,"NFYC (interacts with) GRB2","","false","interacts with","NFYC (interacts with) GRB2","","V.NFYC_Q5"
"538","interacts with",,,,"NFYC (interacts with) CDK1","","false","interacts with","NFYC (interacts with) CDK1","","V.NFYC_Q5"
"539","interacts with",,,,"NFYC (interacts with) HDAC1","","false","interacts with","NFYC (interacts with) HDAC1","","V.NFYC_Q5"
"540","interacts with",,,,"NFYC (interacts with) TOP2A","","false","interacts with","NFYC (interacts with) TOP2A","","V.NFYC_Q5"
"541","interacts with",,,,"NFYC (interacts with) THBS1","","false","interacts with","NFYC (interacts with) THBS1","","V.NFYC_Q5"
"542","interacts with",,,,"NFYC (interacts with) SNRPA","","false","interacts with","NFYC (interacts with) SNRPA","","V.NFYC_Q5"
"543","interacts with",,,,"NFYC (interacts with) TAF1B","","false","interacts with","NFYC (interacts with) TAF1B","","V.NFYC_Q5"
"544","interacts with",,,,"NFYC (interacts with) AURKA","","false","interacts with","NFYC (interacts with) AURKA","","V.NFYC_Q5"
"545","interacts with",,,,"NFYC (interacts with) FN1","","false","interacts with","NFYC (interacts with) FN1","","V.NFYC_Q5"
"546","interacts with",,,,"NFYC (interacts with) EP300","","false","interacts with","NFYC (interacts with) EP300","","V.NFYC_Q5"
"547","interacts with",,,,"NFYC (interacts with) SMAD2","","false","interacts with","NFYC (interacts with) SMAD2","","V.NFYC_Q5"
"548","interacts with",,,,"NFYC (interacts with) TPX2","","false","interacts with","NFYC (interacts with) TPX2","","V.NFYC_Q5"
"549","interacts with",,,,"NFYC (interacts with) RB1","","false","interacts with","NFYC (interacts with) RB1","","V.NFYC_Q5"
"550","interacts with",,,,"NFYC (interacts with) SNRPD2","","false","interacts with","NFYC (interacts with) SNRPD2","","V.NFYC_Q5"
"551","interacts with",,,,"NFYC (interacts with) CCNA2","","false","interacts with","NFYC (interacts with) CCNA2","","V.NFYC_Q5"
"552","interacts with",,,,"NFYC (interacts with) PRKACA","","false","interacts with","NFYC (interacts with) PRKACA","","V.NFYC_Q5"
"553","interacts with",,,,"NFYC (interacts with) BUB1","","false","interacts with","NFYC (interacts with) BUB1","","V.NFYC_Q5"
"554","interacts with",,,,"NFYC (interacts with) PTTG1","","false","interacts with","NFYC (interacts with) PTTG1","","V.NFYC_Q5"
"555","interacts with",,,,"NFYC (interacts with) PIAS4","","false","interacts with","NFYC (interacts with) PIAS4","","V.NFYC_Q5"
"556","interacts with",,,,"NFYC (interacts with) TP53","","false","interacts with","NFYC (interacts with) TP53","","V.NFYC_Q5"
"557","interacts with",,,,"NFYC (interacts with) CKAP5","","false","interacts with","NFYC (interacts with) CKAP5","","V.NFYC_Q5"
"558","interacts with",,,,"NFYC (interacts with) SHC1","","false","interacts with","NFYC (interacts with) SHC1","","V.NFYC_Q5"
"559","interacts with",,,,"NFYC (interacts with) PRKDC","","false","interacts with","NFYC (interacts with) PRKDC","","V.NFYC_Q5"
"560","interacts with",,,,"NFYC (interacts with) NFKB1","","false","interacts with","NFYC (interacts with) NFKB1","","V.NFYC_Q5"
"561","interacts with",,,,"NFYC (interacts with) BRCA1","","false","interacts with","NFYC (interacts with) BRCA1","","V.NFYC_Q5"
"562","interacts with",,,,"NFYC (interacts with) COL13A1","","false","interacts with","NFYC (interacts with) COL13A1","","V.NFYC_Q5"
"563","interacts with",,,,"NFYC (interacts with) PSMC2","","false","interacts with","NFYC (interacts with) PSMC2","","V.NFYC_01"
"564","interacts with",,,,"NFYC (interacts with) NMT2","","false","interacts with","NFYC (interacts with) NMT2","","V.NFYC_01"
"565","interacts with",,,,"NFYC (interacts with) PTPN11","","false","interacts with","NFYC (interacts with) PTPN11","","V.NFYC_01"
"566","interacts with",,,,"NFYC (interacts with) SKIL","","false","interacts with","NFYC (interacts with) SKIL","","V.NFYC_01"
"567","interacts with",,,,"NFYC (interacts with) HMGB2","","false","interacts with","NFYC (interacts with) HMGB2","","V.NFYC_01"
"568","interacts with",,,,"NFYC (interacts with) PRKCA","","false","interacts with","NFYC (interacts with) PRKCA","","V.NFYC_01"
"569","interacts with",,,,"NFYC (interacts with) CHUK","","false","interacts with","NFYC (interacts with) CHUK","","V.NFYC_01"
"570","interacts with",,,,"NFYC (interacts with) ARID3A","","false","interacts with","NFYC (interacts with) ARID3A","","V.NFYC_01"
"571","interacts with",,,,"NFYC (interacts with) PML","","false","interacts with","NFYC (interacts with) PML","","V.NFYC_01"
"572","interacts with",,,,"NFYC (interacts with) MAPK8","","false","interacts with","NFYC (interacts with) MAPK8","","V.NFYC_01"
"573","interacts with",,,,"NFYC (interacts with) MOCOS","","false","interacts with","NFYC (interacts with) MOCOS","","V.NFYC_01"
"574","interacts with",,,,"NFYC (interacts with) PPM1D","","false","interacts with","NFYC (interacts with) PPM1D","","V.NFYC_01"
"575","interacts with",,,,"NFYC (interacts with) YWHAG","","false","interacts with","NFYC (interacts with) YWHAG","","V.NFYC_01"
"576","interacts with",,,,"NFYC (interacts with) LRP1","","false","interacts with","NFYC (interacts with) LRP1","","V.NFYC_01"
"577","interacts with",,,,"NFYC (interacts with) PIAS3","","false","interacts with","NFYC (interacts with) PIAS3","","V.NFYC_01"
"578","interacts with",,,,"NFYC (interacts with) ITGA5","","false","interacts with","NFYC (interacts with) ITGA5","","V.NFYC_01"
"579","interacts with",,,,"NFYC (interacts with) CDC16","","false","interacts with","NFYC (interacts with) CDC16","","V.NFYC_01"
"580","interacts with",,,,"NFYC (interacts with) FZR1","","false","interacts with","NFYC (interacts with) FZR1","","V.NFYC_01"
"581","interacts with",,,,"NFYC (interacts with) RRM2B","","false","interacts with","NFYC (interacts with) RRM2B","","V.NFYC_01"
"582","interacts with",,,,"NFYC (interacts with) TGFA","","false","interacts with","NFYC (interacts with) TGFA","","V.NFYC_01"
"583","interacts with",,,,"NFYC (interacts with) CAV1","","false","interacts with","NFYC (interacts with) CAV1","","V.NFYC_01"
"584","interacts with",,,,"NFYC (interacts with) HUWE1","","false","interacts with","NFYC (interacts with) HUWE1","","V.NFYC_01"
"585","interacts with",,,,"NFYC (interacts with) ARIH2","","false","interacts with","NFYC (interacts with) ARIH2","","V.NFYC_01"
"586","interacts with",,,,"NFYC (interacts with) CSNK2A1","","false","interacts with","NFYC (interacts with) CSNK2A1","","V.NFYC_01"
"587","interacts with",,,,"NFYC (interacts with) MAD2L1","","false","interacts with","NFYC (interacts with) MAD2L1","","V.NFYC_01"
"588","interacts with",,,,"NFYC (interacts with) SRPK1","","false","interacts with","NFYC (interacts with) SRPK1","","V.NFYC_01"
"589","interacts with",,,,"NFYC (interacts with) HMGA2","","false","interacts with","NFYC (interacts with) HMGA2","","V.NFYC_01"
"590","interacts with",,,,"NFYC (interacts with) CBL","","false","interacts with","NFYC (interacts with) CBL","","V.NFYC_01"
"591","interacts with",,,,"NFYC (interacts with) SNRNP70","","false","interacts with","NFYC (interacts with) SNRNP70","","V.NFYC_01"
"592","interacts with",,,,"NFYC (interacts with) ICAM1","","false","interacts with","NFYC (interacts with) ICAM1","","V.NFYC_01"
"593","interacts with",,,,"NFYC (interacts with) HTT","","false","interacts with","NFYC (interacts with) HTT","","V.NFYC_01"
"594","interacts with",,,,"NFYC (interacts with) ANAPC10","","false","interacts with","NFYC (interacts with) ANAPC10","","V.NFYC_01"
"595","interacts with",,,,"NFYC (interacts with) SOCS5","","false","interacts with","NFYC (interacts with) SOCS5","","V.NFYC_01"
"596","interacts with",,,,"NFYC (interacts with) CDK2","","false","interacts with","NFYC (interacts with) CDK2","","V.NFYC_01"
"597","interacts with",,,,"NFYC (interacts with) NDC80","","false","interacts with","NFYC (interacts with) NDC80","","V.NFYC_01"
"598","interacts with",,,,"NFYC (interacts with) SCAMP1","","false","interacts with","NFYC (interacts with) SCAMP1","","V.NFYC_01"
"599","interacts with",,,,"NFYC (interacts with) JAK2","","false","interacts with","NFYC (interacts with) JAK2","","V.NFYC_01"
"600","interacts with",,,,"NFYC (interacts with) IL4R","","false","interacts with","NFYC (interacts with) IL4R","","V.NFYC_01"
"601","interacts with",,,,"NFYC (interacts with) CREBBP","","false","interacts with","NFYC (interacts with) CREBBP","","V.NFY_01"
